headline,category,date,source,sentiment,sentiment_score
Companies Are Making Major Climate Pledges. Here’s What They Really Mean.,impact,2020-10-07 00:00:00,HuffPost,NEGATIVE,0.972555935382843
Is Your Grocery List Sustainable? We Asked Climate Experts How They Shop.,impact,2020-07-01 00:00:00,HuffPost,NEGATIVE,0.9372225999832152
Why The Solutions To Coronavirus And Climate Change Are The Same,impact,2020-04-14 00:00:00,HuffPost,NEGATIVE,0.997738003730774
Social Media Gives Young Climate Activists A Platform – It Also Brings Out The Trolls,impact,2019-11-27 00:00:00,HuffPost,POSITIVE,0.9987640380859376
Climate Change Is Threatening Our Jobs — And Most Companies Are Doing Nothing,impact,2019-11-25 00:00:00,HuffPost,NEGATIVE,0.99972802400589
Italy Is Making Climate Change Lessons Compulsory In Schools,impact,2019-11-06 00:00:00,HuffPost,NEGATIVE,0.7595404982566833
How Fossil Fuel Companies Are Killing Plastic Recycling,impact,2019-09-30 00:00:00,HuffPost,NEGATIVE,0.998377799987793
"From Climate Change To Gun Control, 8 Women Making The World A Better Place",impact,2019-03-08 00:00:00,HuffPost,POSITIVE,0.9923229217529296
CNN Meteorologist Schools Trump On The Meaning Of The Word 'Climate',science,2018-11-23 00:00:00,HuffPost,NEGATIVE,0.5897881984710693
How A Populist Europe In Thrall To Russia Threatens Climate Change Action,impact,2018-06-26 00:00:00,HuffPost,NEGATIVE,0.992160141468048
The Battle To Save Our Dying Soil,impact,2018-05-17 00:00:00,HuffPost,POSITIVE,0.7607371211051941
U.S. Climate Scientists Flee For France To ‘Make Our Planet Great Again’,science,2018-05-03 00:00:00,HuffPost,POSITIVE,0.9800641536712646
The Dangerous Belief That Extreme Technology Will Fix Climate Change,impact,2018-04-27 00:00:00,HuffPost,NEGATIVE,0.986884355545044
Top Banks Pumped Billions More Into The Dirtiest Fossil Fuels Last Year,impact,2018-03-28 00:00:00,HuffPost,NEGATIVE,0.9808406233787536
Kenya Gambles On Dirty Energy With Its First Coal Plant,impact,2018-03-15 00:00:00,HuffPost,NEGATIVE,0.9939600229263306
"Why This California City Is Taking On Chevron, Exxon And Shell Over Climate Change",impact,2018-02-10 00:00:00,HuffPost,NEGATIVE,0.9895336031913756
Already Threatened Polar Bears Face Food Shortage Crisis Amid Climate Change,science,2018-02-02 00:00:00,HuffPost,NEGATIVE,0.991021692752838
The Clean Energy Transition Will Transform Our Economy Beyond Recognition,impact,2018-01-18 00:00:00,HuffPost,POSITIVE,0.9990648627281188
Norway's Arctic Oil Lawsuit Offers Hope For A New Era Of Climate Litigation,impact,2018-01-13 00:00:00,HuffPost,NEGATIVE,0.5179383754730225
"Climate Change Made Hurricane Harvey Worse, Scientists Say",science,2017-12-13 00:00:00,HuffPost,NEGATIVE,0.9995986819267272
'These Storms Are Just Crazy': Craft Beer Brewers Feel Effects Of Climate Change,impact,2017-11-21 00:00:00,HuffPost,POSITIVE,0.5108956098556519
"Big Business Is Moving Too Slowly On Climate Change, Tracking Group Finds",impact,2017-10-23 00:00:00,HuffPost,NEGATIVE,0.9995787739753724
These 5 U.S. Towns Are Powered Entirely By Renewable Energy,impact,2017-10-21 00:00:00,HuffPost,POSITIVE,0.9987542629241944
Chicago Is Fighting Climate Change No Matter What Trump Says,impact,2017-10-12 00:00:00,HuffPost,POSITIVE,0.9103803038597108
The U.S. Is Breaking Clean Energy Records Even As Trump Doubles Down On Fossil Fuels,impact,2017-10-04 00:00:00,HuffPost,POSITIVE,0.9987486600875854
Las Vegas Officials Create GoFundMe Page For Shooting Victims,impact,2017-10-02 00:00:00,HuffPost,NEGATIVE,0.9942420125007628
Neil deGrasse Tyson Destroys Climate Change Deniers' Favorite Argument In 1 Tweet,science,2017-09-11 00:00:00,HuffPost,NEGATIVE,0.9991143345832824
Resurrecting Ancient Wines That Can Survive Climate Change,science,2017-07-24 00:00:00,HuffPost,POSITIVE,0.9985769987106324
"Pride In Mental Health: An Interview With LGBT Activists, Cole Ledford And Dior Vargas",impact,2017-07-14 00:00:00,HuffPost,POSITIVE,0.9926909804344176
Stephen Hawking: Trump's Climate Policies Could Turn Earth Into Venus,science,2017-07-03 00:00:00,HuffPost,NEGATIVE,0.8496477603912354
Most People Don't See How Climate Change Is Affecting Their Lives — And That's A Problem,science,2017-06-29 00:00:00,HuffPost,NEGATIVE,0.9980090260505676
Local Actions Lead The Global Efforts To Address Climate Change,impact,2017-06-27 00:00:00,HuffPost,POSITIVE,0.9985218644142152
"While President Trump Withdraws From The Paris Climate Agreement, Teenagers Like Myself are Fighting the Climate Crisis Head-On",impact,2017-06-04 00:00:00,HuffPost,POSITIVE,0.7307592630386353
Neil deGrasse Tyson Burns Donald Trump Over Possible Paris Climate Deal Withdrawal,science,2017-06-01 00:00:00,HuffPost,POSITIVE,0.8801972270011902
Electricity Is The Gift That Can Keep On Giving In Africa,impact,2017-04-08 00:00:00,HuffPost,POSITIVE,0.9996678829193116
Is Climate Action Dead In The Age Of Trump? Ikea's Green Boss Says No,impact,2017-03-02 00:00:00,HuffPost,NEGATIVE,0.9991349577903748
Weather Channel Destroys Breitbart Over BS Climate Change Story,science,2016-12-07 00:00:00,HuffPost,NEGATIVE,0.9996329545974731
6 Graphics To Show To Your Climate-Denying Uncle This Thanksgiving,science,2016-11-19 00:00:00,HuffPost,NEGATIVE,0.9965002536773682
Communication for Climate-Smart Farming,impact,2016-11-18 00:00:00,HuffPost,POSITIVE,0.9976999163627625
Pretty Much Every Living Thing Is Already Feeling The Effects Of Climate Change,science,2016-11-10 00:00:00,HuffPost,NEGATIVE,0.7927171587944031
Saving Energy Is As Simple As Making This Change When You Do Laundry,impact,2016-08-04 00:00:00,HuffPost,POSITIVE,0.99674654006958
"Sacramento Group Rescues 40,000 Tons Of Food Waste, Turns It Into Fuel",impact,2016-07-12 00:00:00,HuffPost,NEGATIVE,0.970280110836029
Teams Excavating Toilets Flush Out Thousands Of 18th Century Artifacts,science,2016-07-02 00:00:00,HuffPost,NEGATIVE,0.9558300375938416
Congress Gets Another Reminder From Scientists That Climate Change Isn't Coming -- It's Already Here,science,2016-06-28 00:00:00,HuffPost,NEGATIVE,0.9531939625740052
How Climate Change Is Fueling Violence Against Women,impact,2016-05-20 00:00:00,HuffPost,NEGATIVE,0.9583690166473388
Why Human Wellness Is Critical To Combating Climate Change,science,2016-04-05 00:00:00,HuffPost,NEGATIVE,0.9392864108085632
This Is What Climate Change Has Done To The Great Barrier Reef,science,2016-03-29 00:00:00,HuffPost,NEGATIVE,0.6000716686248779
"Climate Change Will Ruin Wine Eventually, So You May As Well Drink It All Now",science,2016-03-23 00:00:00,HuffPost,NEGATIVE,0.9996594190597534
Climate Change Is Contaminating Water Sources With Fecal Matter,impact,2016-03-21 00:00:00,HuffPost,NEGATIVE,0.974331557750702
Oklahoma Sets New Limits For Oil And Gas Drillers To Halt Earthquakes,science,2016-03-08 00:00:00,HuffPost,NEGATIVE,0.5138134956359863
Drought Costs Californians An Extra $2 Billion In Electricity Expenses,science,2016-02-20 00:00:00,HuffPost,NEGATIVE,0.9961313009262084
"A Giant Gas Cloud Is Coming Toward Us At 700,000 Miles Per Hour",science,2016-01-29 00:00:00,HuffPost,POSITIVE,0.7591798901557922
Four Graphics (And A Book) That Help Explain Climate Change,science,2016-01-27 00:00:00,HuffPost,POSITIVE,0.9942761063575744
Koko The Gorilla Probably Doesn't Understand Climate Change,science,2016-01-06 00:00:00,HuffPost,NEGATIVE,0.9995526671409608
"Republicans Just Don't Get Climate Science, And Here's Proof",science,2015-12-14 00:00:00,HuffPost,NEGATIVE,0.9984849095344543
Why Pulling All-Nighters For The U.N. Climate Agreement Is A Bad Idea,science,2015-12-11 00:00:00,HuffPost,NEGATIVE,0.999717891216278
"Climate Summit Gets Heat For Huge Carbon Footprint, But It's Not All Bad",science,2015-12-03 00:00:00,HuffPost,POSITIVE,0.9987770915031432
Scientists Warn Climate Change Will Trigger Rise In Terrifying Illness,science,2015-12-02 00:00:00,HuffPost,NEGATIVE,0.9961839318275452
How Scientists Know Climate Change Is Happening,science,2015-11-30 00:00:00,HuffPost,POSITIVE,0.997463583946228
What You Need To Know About The Paris Climate Summit,science,2015-11-29 00:00:00,HuffPost,POSITIVE,0.9955176711082458
Hawaii Makes Another Big Move Toward 100 Percent Renewable Energy,science,2015-11-04 00:00:00,HuffPost,POSITIVE,0.9984972476959229
This Gas Exoplanet Is Evaporating To Reveal A Rocky Core,science,2015-11-03 00:00:00,HuffPost,NEGATIVE,0.9923309087753296
Alabama Students Will Finally Be Required To Learn About Climate Change And Evolution,science,2015-09-14 00:00:00,HuffPost,POSITIVE,0.997108280658722
Study Predicts 200 Feet Of Sea Level Rise If All Fossil Fuels Are Burned,science,2015-09-13 00:00:00,HuffPost,NEGATIVE,0.9617978930473328
Here's How Rats End Up In Toilet Bowls,science,2015-08-18 00:00:00,HuffPost,NEGATIVE,0.9994624257087708
The Perilous Morality of Climate Change,impact,2015-08-09 00:00:00,HuffPost,NEGATIVE,0.9443835616111756
"Impact Investing Could Help Developing Countries Tackle Food Security, Climate Change",impact,2015-07-24 00:00:00,HuffPost,POSITIVE,0.9951093792915344
"Millions of Refugees Need Access to Cleaner, More Efficient Cookstoves and Fuels",impact,2015-06-24 00:00:00,HuffPost,NEGATIVE,0.993992030620575
Land for Toilets,impact,2015-06-01 00:00:00,HuffPost,NEGATIVE,0.968368113040924
Showers and Toilet on Wheels Give Homeless a Clean Slate,impact,2015-05-28 00:00:00,HuffPost,POSITIVE,0.931467056274414
A Man Soiled Himself in the Street -- and Came up with a Great Business Idea!,impact,2015-05-27 00:00:00,HuffPost,POSITIVE,0.9943962097167968
"White Roof, Low Energy",impact,2015-05-23 00:00:00,HuffPost,NEGATIVE,0.9985802173614502
Renewables Driving the Energy Transformation,impact,2015-05-14 00:00:00,HuffPost,POSITIVE,0.9995786547660828
How Couple's Passion for Good Food Fueled Mission to Fight Food Insecurity,impact,2015-05-12 00:00:00,HuffPost,POSITIVE,0.996864140033722
Insurance Policy for the Future: Investing in Millennials and Clean Energy,impact,2015-04-05 00:00:00,HuffPost,POSITIVE,0.9971925616264344
Jeremy Bloom: 'Fueled by Failure',impact,2015-03-03 00:00:00,HuffPost,NEGATIVE,0.9997767806053162
NASA Launches Soil Moisture Mapping Satellite,science,2015-02-02 00:00:00,HuffPost,POSITIVE,0.9815300107002258
The Little Question That Fueled Actor's Big Push For Plain-Spoken Science,science,2015-01-09 00:00:00,HuffPost,NEGATIVE,0.9829084873199464
most american teens are frightened by climate change poll finds and about 1 in 4 are taking action,science,2019-09-16 12:00:00,Washington Post,NEGATIVE,0.9829837083816528
uncovering how microbes in the soil influence our health and our food,science,2019-09-29 12:00:00,Washington Post,POSITIVE,0.9947028756141664
americans broadly accept climate science but many are fuzzy on the details,science,2019-12-09 13:00:00,Washington Post,POSITIVE,0.6572806239128113
madagascars lemurs face a grim future because of human activity a solution planting trees,science,2020-01-04 19:30:00,Washington Post,NEGATIVE,0.9836200475692748
how a mid 20th century hunting guide may fill the gaps on climate change in maine,science,2020-01-05 17:00:00,Washington Post,POSITIVE,0.9958833456039428
how fatbergs  refuse from our sinks toilets and trash  clog aging sewers,science,2020-02-01 14:00:00,Washington Post,NEGATIVE,0.9994925260543824
on climate change archaeological paper digs into the effects of colonization and maltreatment,science,2020-04-25 12:00:00,Washington Post,NEGATIVE,0.9632524251937866
nasa contest aims to build a better toilet for astronauts on 2024 moon mission,science,2020-07-18 11:00:00,Washington Post,NEGATIVE,0.9988064765930176
baleen whales may be changing their travels because of warming climate,science,2020-07-25 12:00:00,Washington Post,NEGATIVE,0.6924936771392822
baleen whales may be changing their travels because of warming climate,science,2020-07-25 12:00:00,Washington Post,NEGATIVE,0.6924936771392822
climate change mastodons,science,2020-09-06 12:00:00,Washington Post,NEGATIVE,0.9853943586349488
spanish flu 1918 climate,science,2020-10-03 12:00:00,Washington Post,NEGATIVE,0.9939894676208496
alaska permafrost greenhouse gas carbon,science,2020-11-07 13:00:00,Washington Post,NEGATIVE,0.8861374855041504
Blaze at Libya’s Largest Oil Port Extinguished,middle east,2015-01-03 04:47:00,WSJ,NEGATIVE,0.9979079961776732
Croatia’s Energy Rush Worries Tourist Sector,europe,2015-01-02 14:08:00,WSJ,NEGATIVE,0.8065496683120728
Paris Attacks Fuel Tensions in Germany,europe,2015-01-12 01:37:00,WSJ,NEGATIVE,0.9898277521133424
Cheap Oil Could Mean Shrinking Profits for BASF,europe,2015-01-13 18:32:00,WSJ,NEGATIVE,0.9995842576026917
Tullow Oil Takes $2.7 Billion Write-off,europe,2015-01-15 11:47:00,WSJ,NEGATIVE,0.9975221753120422
"Oil to Broadly Hit Growth, EBRD Says",europe,2015-01-19 12:54:00,WSJ,POSITIVE,0.9976563453674316
Academics Fuel Insurgent Party,europe,2015-01-23 20:32:00,WSJ,NEGATIVE,0.9629043340682985
Saudi Arabia Oil Minister Likely to Stay,middle east,2015-01-23 20:08:00,WSJ,POSITIVE,0.9085221886634828
Syriza Victory Roils Europe’s Political Landscape,europe,2015-01-26 01:33:00,WSJ,POSITIVE,0.998815655708313
Airbus CEO Sees Low Oil Prices Benefiting Company,europe,2015-01-29 19:19:00,WSJ,NEGATIVE,0.9864681959152222
BP Posts Loss Amid Oil Rout,europe,2015-02-03 21:30:00,WSJ,NEGATIVE,0.9995691180229188
Gunmen Storm Libyan Oil Field,middle east,2015-02-04 20:44:00,WSJ,NEGATIVE,0.970183789730072
Statoil Steps Up Cost-Cuts After Loss,europe,2015-02-06 13:24:00,WSJ,POSITIVE,0.9902127385139464
EU Seeks Meeting on New Ukraine-Russia Gas Dispute,europe,2015-02-25 13:20:00,WSJ,POSITIVE,0.7821299433708191
Brussels Seeks More Say in Energy Talks,europe,2015-02-25 07:21:00,WSJ,NEGATIVE,0.995409905910492
U.K. Business Investment Dragged Down by Oil Sector,europe,2015-02-26 18:26:00,WSJ,NEGATIVE,0.9997192025184632
Maersk Group Has No Plans to Dispose of Maersk Oil,europe,2015-02-26 16:06:00,WSJ,NEGATIVE,0.998124897480011
RWE to Proceed With North Sea Gas Deal,europe,2015-03-01 17:18:00,WSJ,NEGATIVE,0.9101929068565368
Libya Declares Force Majeure Over Oil Region,middle east,2015-03-04 22:05:00,WSJ,NEGATIVE,0.8260383009910583
Ukraine Wants EU to Help Pay to Store Gas,europe,2015-03-05 20:32:00,WSJ,NEGATIVE,0.9895434379577636
Attacks on Libya’s Oil Fields Shake Nation’s Stability,middle east,2015-03-08 18:43:00,WSJ,POSITIVE,0.8521983027458191
Oil-Price Drop Threatens Iraq Terror Fight,middle east,2015-03-11 00:29:00,WSJ,NEGATIVE,0.9893369674682616
Lufthansa Helped by Fuel Costs,europe,2015-03-12 12:34:00,WSJ,POSITIVE,0.9195601344108582
Iran Deal Could Open Oil Flood Gates,middle east,2015-03-17 02:24:00,WSJ,NEGATIVE,0.9348328709602356
Six Die From Alleged Chlorine-Gas Attack in Syria,middle east,2015-03-17 23:25:00,WSJ,NEGATIVE,0.9976673126220704
CMA CGM in Talks to Order Container Megaships,europe,2015-03-17 09:58:00,WSJ,NEGATIVE,0.9759841561317444
EU Leaders Move to Break Down Energy-Market Barriers,europe,2015-03-19 21:10:00,WSJ,POSITIVE,0.9741562008857728
Ukraine Wants to Double Gazprom’s Gas Transit Fees,europe,2015-03-19 17:55:00,WSJ,NEGATIVE,0.9921390414237976
Libya’s State Oil Company Declares Independence,middle east,2015-03-20 18:37:00,WSJ,POSITIVE,0.9818993806838988
Kuwait Seen Missing Oil-Production Target,middle east,2015-03-25 17:57:00,WSJ,NEGATIVE,0.9996633529663086
Russian Gold Miner Watches Oil Price,europe,2015-03-31 11:42:00,WSJ,POSITIVE,0.947714865207672
How Iranian Nuclear Deal Would Affect Oil Markets,middle east,2015-04-03 03:42:00,WSJ,NEGATIVE,0.9859033823013306
Iran Sanctions Aren’t Only Block for Western Oil Companies,middle east,2015-04-03 02:48:00,WSJ,NEGATIVE,0.9654869437217712
A Reckoning With Weak Oil Prices,europe,2015-04-05 22:00:00,WSJ,NEGATIVE,0.9996682405471802
"EU to Host Russia, Ukraine Gas Talks",europe,2015-04-07 11:25:00,WSJ,POSITIVE,0.8050616383552551
Timeline: Turmoil in Yemen,middle east,2015-04-10 22:10:00,WSJ,NEGATIVE,0.5462955236434937
"Europe Could Face Higher Energy Prices, Says Gazprom Chief",europe,2015-04-13 15:54:00,WSJ,NEGATIVE,0.9623622894287108
Western Executives Eye Iran’s Oil at Summit,europe,2015-04-17 13:07:00,WSJ,POSITIVE,0.9795100092887878
Rich Smuggling Trade Fuels Deadly Migration,europe,2015-04-21 00:32:00,WSJ,NEGATIVE,0.9646499752998352
EU Targets Russian Gas Giant,europe,2015-04-20 23:39:00,WSJ,NEGATIVE,0.9150372743606568
EU Approves Hungary’s Nuclear Fuel Supply from Russia,europe,2015-04-20 15:56:00,WSJ,POSITIVE,0.985855758190155
Gazprom CEO Offers Greece a Gas Pipeline but Little Else,europe,2015-04-21 17:34:00,WSJ,NEGATIVE,0.98945415019989
Total Profit Hit by Weaker Oil Prices,europe,2015-04-28 16:05:00,WSJ,NEGATIVE,0.995556652545929
EU Opens Energy-Generation Compensation Inquiry,europe,2015-04-29 15:14:00,WSJ,POSITIVE,0.9845153093338012
U.S. Banks Expect Rise in Energy-Sector Loan Defaults,central banks,2015-05-04 20:32:00,WSJ,NEGATIVE,0.9564958214759828
Russian Billionaire Mikhail Fridman Looks to Sell U.K. Gas Fields,europe,2015-05-08 19:04:00,WSJ,NEGATIVE,0.9366617798805236
"Nuclear, Fracking Decisions on Tap for New U.K. Energy Secretary",europe,2015-05-11 17:42:00,WSJ,NEGATIVE,0.9892852902412416
Iran Says Dispute With Tanker Was Over Collision With Gas Rig,middle east,2015-05-15 22:08:00,WSJ,NEGATIVE,0.9872318506240844
EU Wants U.S. to Lift Ban on Oil Exports,europe,2015-05-17 17:56:00,WSJ,NEGATIVE,0.9629172682762146
Iraq Defending Largest Oil Refinery,middle east,2015-06-08 18:17:00,WSJ,NEGATIVE,0.7056896686553955
Kurds Dispute Iraq’s Oil Payments,middle east,2015-06-09 22:48:00,WSJ,NEGATIVE,0.9933692812919616
Fire at Ukraine Oil Storage Depot Leaves One Worker Dead,europe,2015-06-09 15:13:00,WSJ,NEGATIVE,0.998464822769165
Iberian Wind Energy Generates Investor Interest,europe,2015-06-09 13:52:00,WSJ,POSITIVE,0.9975549578666688
Egyptian Police Foil Bomb Attack in Luxor,middle east,2015-06-10 16:57:00,WSJ,NEGATIVE,0.8739520907402039
"Statoil Cutting up to 1,500 Permanent Jobs",europe,2015-06-16 06:08:00,WSJ,NEGATIVE,0.9148350954055786
"National Oilwell Varco Norway to Cut 1,500 Jobs",europe,2015-06-17 09:50:00,WSJ,NEGATIVE,0.9197320342063904
Gazprom Signs Preliminary Deal to Expand Gas Pipeline to Germany,europe,2015-06-18 17:35:00,WSJ,POSITIVE,0.966652810573578
ENOC’s Offer for Dragon Oil Called Low,europe,2015-06-18 14:31:00,WSJ,NEGATIVE,0.999643087387085
Norway’s Shift From Oil Stirs Trouble in Fiords,europe,2015-06-19 20:20:00,WSJ,NEGATIVE,0.9937729239463806
EU Says Existing Gas Pipelines From Russia More Than Enough,europe,2015-06-19 10:35:00,WSJ,POSITIVE,0.9893749952316284
Dutch to Cut Groningen Gas Output,europe,2015-06-23 16:32:00,WSJ,NEGATIVE,0.9683019518852234
Armenia Suspends Electricity Rate Rise,europe,2015-06-27 21:33:00,WSJ,NEGATIVE,0.9984846711158752
EU Urges China to Adopt Climate-Change Goals,europe,2015-06-29 20:38:00,WSJ,POSITIVE,0.7276443839073181
Chinese Investment Giant Eyeing German Gas-station Firm,europe,2015-06-29 17:15:00,WSJ,NEGATIVE,0.8637406826019287
"Russia, Ukraine ‘Still Far Apart’ on Gas Deal",europe,2015-06-30 19:11:00,WSJ,NEGATIVE,0.945707619190216
"Iraq, Kurdistan Oil Deal Close to Collapse",middle east,2015-07-03 11:22:00,WSJ,NEGATIVE,0.9981250166893004
Iran Wants to Double Oil Exports After Sanctions End,middle east,2015-07-05 20:54:00,WSJ,NEGATIVE,0.9717146754264832
Greek Turmoil Sparks Geopolitical Concerns,europe,2015-07-09 11:10:00,WSJ,POSITIVE,0.9980290532112122
Big Oil Will Find Tough Competition in Iran,middle east,2015-07-21 22:46:00,WSJ,NEGATIVE,0.993100643157959
Total’s Earnings Again Hit By Low Oil Prices in 2Q: Earnings Preview,europe,2015-07-22 16:33:00,WSJ,NEGATIVE,0.9983110427856444
Turkey to Allow U.S. Strikes Against ISIS From Its Soil,middle east,2015-07-24 00:28:00,WSJ,NEGATIVE,0.983810544013977
Alstom to Lower Price of Energy Assets in Sale to GE,europe,2015-07-27 17:36:00,WSJ,NEGATIVE,0.9987953901290894
Total Shrugs Off Weaker Oil Prices,europe,2015-07-29 16:38:00,WSJ,POSITIVE,0.7413383722305298
"Centrica to Shrink Oil Business, Slash Jobs",europe,2015-07-30 10:19:00,WSJ,NEGATIVE,0.9972490668296814
IMF Suggests Saudi Arabia Rely Less on Oil Revenue,middle east,2015-08-17 18:45:00,WSJ,NEGATIVE,0.9975538849830629
Norway Oil Fund Excludes Firms on Environment Risks,europe,2015-08-17 12:38:00,WSJ,NEGATIVE,0.964394509792328
Crime Soars in Iraqi Oil Region,middle east,2015-08-23 23:28:00,WSJ,NEGATIVE,0.9473500847816468
Global Turmoil Roils Europe’s Recovery Plan,europe,2015-08-24 21:43:00,WSJ,POSITIVE,0.8123253583908081
Weak Prices Cloud Norway’s Oil Sector,europe,2015-08-25 09:31:00,WSJ,NEGATIVE,0.99928480386734
Bank Indonesia Sees Market Turmoil Carrying Through to March,central banks,2015-08-26 07:40:00,WSJ,NEGATIVE,0.9790911078453064
Sanctions Bite Massive Gas Project in Russian Arctic,europe,2015-08-27 09:30:00,WSJ,NEGATIVE,0.9772372841835022
Cheap Oil Boosts Carrier CMA CGM’s Profits,europe,2015-08-31 11:38:00,WSJ,NEGATIVE,0.9739691019058228
U.K. Approves Giant North Sea Gas Project,europe,2015-08-31 08:28:00,WSJ,POSITIVE,0.8450907468795776
Gas Discovery in Egypt Troubles Israel,middle east,2015-09-02 22:31:00,WSJ,NEGATIVE,0.9948912858963012
Russia Sees ‘Fair’ Oil Price at $50-$70 a Barrel,europe,2015-09-04 11:48:00,WSJ,NEGATIVE,0.9712943434715272
"BOE Unruffled by China, Markets Turmoil",central banks,2015-09-10 13:24:00,WSJ,NEGATIVE,0.9875158071517944
Iran Could Become Major Supplier of Natural Gas to EU,europe,2015-09-14 01:49:00,WSJ,POSITIVE,0.8526110053062439
Stalled Oil Field Project Adds to Iraq’s Woes,middle east,2015-09-15 23:35:00,WSJ,NEGATIVE,0.995215892791748
Islamic State Plans Fueled French Move to Prepare Airstrikes,europe,2015-09-15 21:13:00,WSJ,NEGATIVE,0.9260967969894408
"Non-Oil Commodity Price Pressures to Remain Flat, Says ECB",central banks,2015-09-17 09:50:00,WSJ,NEGATIVE,0.9985135197639464
New Libyan Oil Company Stalls,middle east,2015-09-18 16:25:00,WSJ,NEGATIVE,0.9996166229248048
Greek Result Signals Pause in Turmoil,europe,2015-09-21 00:06:00,WSJ,NEGATIVE,0.980022668838501
Seacrest to Invest $200 Million in Norway Energy Company,europe,2015-09-29 20:04:00,WSJ,POSITIVE,0.9502741694450378
Suicide Attack Plunges Turkey Deeper Into Turmoil,middle east,2015-10-11 22:54:00,WSJ,NEGATIVE,0.9901697039604188
Ineos Agrees to Buy DEA’s North Sea Gas Fields,europe,2015-10-11 12:23:00,WSJ,POSITIVE,0.9568882584571838
Kosovo Opposition Uses Tear Gas to Disrupt Parliament,europe,2015-10-15 11:52:00,WSJ,NEGATIVE,0.9906427264213562
Clashing Agendas Fuel Rise of Islamic State,middle east,2015-10-16 21:08:00,WSJ,NEGATIVE,0.9016581177711488
BP Signs Deals With Chinese Energy Companies,europe,2015-10-21 17:05:00,WSJ,POSITIVE,0.9622640609741212
Portugal Government Fuels Democracy Debate in Europe,europe,2015-10-25 20:15:00,WSJ,POSITIVE,0.9958183169364928
Maersk Oil to Cut Staff by up to 12%,europe,2015-10-26 10:27:00,WSJ,NEGATIVE,0.993614912033081
Statoil Delays Projects Amid Cost Overruns,europe,2015-10-28 15:01:00,WSJ,NEGATIVE,0.9978740215301514
Shell Says BG Tie-up Still Works With   Oil in mid-$60s,europe,2015-11-03 14:51:00,WSJ,NEGATIVE,0.9856377243995668
France to Restore Border Controls During Climate Talks,europe,2015-11-06 16:07:00,WSJ,POSITIVE,0.758163332939148
Statoil Follows Shell in Quitting Alaska,europe,2015-11-17 16:03:00,WSJ,NEGATIVE,0.9870806336402892
U.S. Blacklists Network Linked to Syria Oil Deals With ISIS,middle east,2015-11-25 19:47:00,WSJ,NEGATIVE,0.9947859644889832
"Russia-Ukraine Feud Grows, With Halted Flights, Energy",europe,2015-11-25 13:10:00,WSJ,NEGATIVE,0.993823766708374
France Outlines Security Plans for Paris Climate Summit,europe,2015-11-25 13:03:00,WSJ,POSITIVE,0.975685715675354
Israel to Send Diplomat to Energy Agency in U.A.E.,middle east,2015-11-27 19:24:00,WSJ,POSITIVE,0.9519052505493164
Norway Appoints Central Banker to Oversee Oil Fund,central banks,2015-11-27 12:01:00,WSJ,POSITIVE,0.9793946146965028
Kuwait Replaces Oil Minister,middle east,2015-11-29 16:34:00,WSJ,POSITIVE,0.6343352794647217
Islamic State Oil Assets Targeted,middle east,2015-11-30 14:33:00,WSJ,NEGATIVE,0.963156759738922
Egyptian Gas Providers Ordered to Pay Israel $1.76 Billion,middle east,2015-12-06 21:52:00,WSJ,NEGATIVE,0.9841067790985109
Bank of Japan Officials Fret Over Oil-Price Declines,central banks,2015-12-09 08:44:00,WSJ,NEGATIVE,0.9949784874916076
Bank of Russia May Have to Tighten Policy if Oil Prices Stay Below $40 a Barrel,central banks,2015-12-11 13:27:00,WSJ,NEGATIVE,0.9986566305160522
Terrorism Fears Fuel France’s National Front,europe,2015-12-13 08:38:00,WSJ,NEGATIVE,0.977702498435974
Kosovo Opposition Lawmakers Release Tear Gas in Parliament,europe,2015-12-15 15:47:00,WSJ,NEGATIVE,0.975487470626831
Egypt Dispute Threatens Israeli Gas Plan,middle east,2015-12-16 10:46:00,WSJ,NEGATIVE,0.99527907371521
Germany’s Merkel Defends Russian Gas Pipeline Plan,europe,2015-12-18 15:20:00,WSJ,NEGATIVE,0.906089186668396
Eni’s Goliat Arctic Oil Platform Faces Further Delay,europe,2015-12-22 17:50:00,WSJ,NEGATIVE,0.9991649389266968
Low Oil Prices to Squeeze New Saudi Budget,middle east,2015-12-24 00:01:00,WSJ,NEGATIVE,0.9975135326385498
French Gas Plant Attack Suspect Commits Suicide,europe,2015-12-23 09:22:00,WSJ,NEGATIVE,0.997826874256134
"Saudi Arabia Cuts Spending, Raises Domestic Fuel Prices",middle east,2015-12-29 02:33:00,WSJ,POSITIVE,0.5792701840400696
North Sea Oil Rig Worker Dies Amid Extreme Weather,europe,2015-12-31 12:56:00,WSJ,NEGATIVE,0.9995216131210328
Saudi-Iranian Rift Complicates Bid to Calm Oil Markets,middle east,2016-01-04 03:07:00,WSJ,NEGATIVE,0.996586799621582
Threat to Libya’s Oil Industry Grows,middle east,2016-01-06 17:56:00,WSJ,NEGATIVE,0.9925685524940492
Nuclear Deal Fuels Iran’s Hard-Liners,middle east,2016-01-08 23:10:00,WSJ,NEGATIVE,0.8502444624900818
Fires at Libyan Oil Terminals Extinguished,middle east,2016-01-10 03:30:00,WSJ,NEGATIVE,0.9551763534545898
Hilsenrath’s Take: Oil Price Drop Could Pressure Fed to Hold Off,central banks,2016-01-13 12:02:00,WSJ,NEGATIVE,0.9948595762252808
"Brazil Central Bank Faces Tough Choice Amid Economic, Political Turmoil",central banks,2016-01-14 18:51:00,WSJ,NEGATIVE,0.9901242852211
Fed’s Bullard Says Low Oil Prices Could Slow Pace of Rate Increases,central banks,2016-01-14 17:26:00,WSJ,NEGATIVE,0.9982320666313172
ECB Finds Global Market Turmoil Blunting QE Weapon,central banks,2016-01-18 05:01:00,WSJ,NEGATIVE,0.984406590461731
Hilsenrath’s Take: Central Bankers Signal Calm About Market Turmoil,central banks,2016-01-25 12:01:00,WSJ,POSITIVE,0.9925330877304076
ECB Mersch: Asia Turmoil to Cause ‘Limited Losses’ for European Banks,europe,2016-01-27 12:40:00,WSJ,NEGATIVE,0.9675822257995604
"Oil Prices, Strong Dollar Weigh on Underlying Inflation: Fed Report",central banks,2016-02-10 15:07:00,WSJ,NEGATIVE,0.9471780061721802
Bank of Russia Lowers Oil-Price Forecast,central banks,2016-02-12 15:36:00,WSJ,NEGATIVE,0.9949083924293518
Netanyahu Defends Natural-Gas Plan Before Israel’s High Court,middle east,2016-02-14 18:16:00,WSJ,POSITIVE,0.8823251724243164
Proposals May Test EU Commitment to Challenge Russia’s Gas Dominance,europe,2016-02-16 17:47:00,WSJ,NEGATIVE,0.9901139736175536
S&P Downgrades Saudi Arabia Again on Oil Concerns,middle east,2016-02-17 21:00:00,WSJ,NEGATIVE,0.9987850785255432
ECB Minutes Add Fuel to Expectations of Further Stimulus,central banks,2016-02-18 18:11:00,WSJ,NEGATIVE,0.9002878069877625
Libya’s NOC Says Oil Field Attacked Last Week,middle east,2016-02-22 10:30:00,WSJ,NEGATIVE,0.9954073429107666
"With U.S. Gas, Europe Seeks Escape From Russia’s Energy Grip",europe,2016-02-26 03:36:00,WSJ,NEGATIVE,0.9837485551834106
Fed’s Kaplan Warns Oil Prices Could Remain Low for Some Time,central banks,2016-03-03 21:11:00,WSJ,NEGATIVE,0.9984976053237916
Engine Maker Wartsila Admits Some Fuel Consumption Tests Manipulated,europe,2016-03-07 14:04:00,WSJ,NEGATIVE,0.9966932535171508
Statoil Ends Rig Deal After Fatal Accident,europe,2016-03-07 12:57:00,WSJ,NEGATIVE,0.9947869777679444
Migrant Crisis Fuels Support for German Populist Upstart,europe,2016-03-10 18:43:00,WSJ,POSITIVE,0.765796959400177
Circle Oil Launches Strategic Review,europe,2016-03-15 10:46:00,WSJ,POSITIVE,0.9953208565711976
"Swedish Monetary Policy Risks Fueling House Price Bubble, Moody’s Says",europe,2016-03-16 17:38:00,WSJ,NEGATIVE,0.9968118071556092
Algeria Gas Installation Attacked,middle east,2016-03-18 18:19:00,WSJ,NEGATIVE,0.9969991445541382
Brussels Attacks Fuel Push to Close Off Militant Route,europe,2016-03-24 01:07:00,WSJ,NEGATIVE,0.986520290374756
Iraqi Oil Minister Tries for the Exit,middle east,2016-03-24 21:34:00,WSJ,NEGATIVE,0.9986293315887452
Man Charged in Relation to Foiled French Terror Plot,europe,2016-03-27 18:43:00,WSJ,POSITIVE,0.9789738655090332
Survey Shows Credit Officers’ Exposure to Oil Loans,central banks,2016-03-31 18:02:00,WSJ,NEGATIVE,0.9247193336486816
Three Libya Oil Ports Set to Reopen,middle east,2016-03-31 18:01:00,WSJ,NEGATIVE,0.9533728957176208
"Paris Blast was Gas Leak, Say Police",europe,2016-04-01 11:28:00,WSJ,NEGATIVE,0.9929289221763612
Iraq’s Prime Minister Orders Probe of Oil Bribery Allegations,middle east,2016-04-02 22:27:00,WSJ,NEGATIVE,0.984667420387268
Iran’s Oil Exports Jump Before Producers’ Freeze Talks,middle east,2016-04-03 21:10:00,WSJ,POSITIVE,0.8825863599777222
National Oilwell Varco Signals Mass Layoffs in Norway,europe,2016-04-04 10:53:00,WSJ,NEGATIVE,0.9993144273757936
Macedonian Police Use Tear Gas on Migrants,europe,2016-04-10 11:25:00,WSJ,NEGATIVE,0.972844660282135
Carney Warns of Financial Stability Risk Posed by Climate Change,central banks,2016-04-14 19:35:00,WSJ,NEGATIVE,0.8737778067588806
Italian Energy Referendum Fails to Draw Half of Electorate,europe,2016-04-17 23:04:00,WSJ,NEGATIVE,0.999679684638977
Bank of Canada’s Poloz Sees Three-Year Adjustment to Oil Prices,central banks,2016-04-21 00:16:00,WSJ,POSITIVE,0.8180496096611023
An Oil Kingdom Plans to Wean Itself From Oil,middle east,2016-04-25 23:45:00,WSJ,NEGATIVE,0.9954841136932372
Cheap Oil Shaved $390 Billion From Mideast Economies in ’15,middle east,2016-04-25 09:48:00,WSJ,NEGATIVE,0.9929541945457458
Eni Loses Nearly $900 Million in First Quarter Amid Oil Price Rout,europe,2016-04-29 10:43:00,WSJ,NEGATIVE,0.9997171759605408
"Lenders Tighten Loan Standards for Oil, Gas Businesses",central banks,2016-05-02 18:01:00,WSJ,NEGATIVE,0.8956745266914368
"Rivals, Admirers Lament Saudi Oil Minister’s Exit",middle east,2016-05-07 22:21:00,WSJ,NEGATIVE,0.9982154369354248
New Saudi Energy Minister an Insider Signifying Continuity,middle east,2016-05-07 21:58:00,WSJ,POSITIVE,0.9987525939941406
"Saudi Oil Minister, Long a Key Industry Player, Is Dismissed",middle east,2016-05-07 20:57:00,WSJ,NEGATIVE,0.999536633491516
An Energy Mogul Becomes Entangled With Islamic State,middle east,2016-05-08 19:15:00,WSJ,POSITIVE,0.5000365376472473
"As Saudi Arabia Looks Beyond Oil, Its Fight to Remain Top Exporter Intensifies",middle east,2016-05-10 00:04:00,WSJ,POSITIVE,0.9731205701828004
Austrian Leader Quits as Migrant Crisis Roils European Politics,europe,2016-05-09 17:35:00,WSJ,NEGATIVE,0.996691107749939
Islamic State Attacks Iraqi Gas Plant,middle east,2016-05-15 21:36:00,WSJ,NEGATIVE,0.9943503737449646
Fed’s Neel Kashkari: Fed Not Good at Predicting Oil Prices,central banks,2016-05-25 17:04:00,WSJ,NEGATIVE,0.9997250437736512
Oil Change: Affluent Saudi Arabia Goes to Work,middle east,2016-05-31 17:48:00,WSJ,POSITIVE,0.9906111359596252
"Germany Arrests Terror Suspects, Fueling Migrant Debate",europe,2016-06-02 19:46:00,WSJ,POSITIVE,0.7883483171463013
Iran Foils Major ‘Terrorist Plot’,middle east,2016-06-20 20:44:00,WSJ,NEGATIVE,0.8355056047439575
NBER Paper Sees Link Between Gas Prices and Demand,central banks,2016-06-22 14:23:00,WSJ,POSITIVE,0.9636901021003724
"Kuwait Arrests Five, Foils Terror Attack",middle east,2016-07-04 02:34:00,WSJ,NEGATIVE,0.5661792755126953
Germany Puts Brake on Renewable Energy Expansion,europe,2016-07-08 14:43:00,WSJ,NEGATIVE,0.5530015826225281
Kuwait Considers Privatizing Oil-Field Services,middle east,2016-07-12 15:11:00,WSJ,NEGATIVE,0.9253862500190736
Pension Fund Investment Fuels Amsterdam Red-Light Cleanup,europe,2016-07-14 12:27:00,WSJ,NEGATIVE,0.9927803874015808
European Commission Unveils Greenhouse Gas Targets,europe,2016-07-20 14:54:00,WSJ,POSITIVE,0.9261082410812378
Oman to Launch Gas-Powered Plant in February,middle east,2016-07-25 16:04:00,WSJ,POSITIVE,0.9550862908363342
"Islamic State Strikes Oil, Gas Facilities in Iraq",middle east,2016-08-01 03:21:00,WSJ,NEGATIVE,0.9891306161880492
U.K. North Sea Oil Workers Start Second Strike Over Pay Cuts,europe,2016-08-04 12:29:00,WSJ,NEGATIVE,0.9961342811584472
"Oil Income Falling, Saudi Arabia Raises Government Fees and Fines",middle east,2016-08-09 18:22:00,WSJ,NEGATIVE,0.9945735335350036
Plan for Joint Venture to Build Gas Pipeline From Russia to Germany Falters,europe,2016-08-12 23:22:00,WSJ,NEGATIVE,0.999643087387085
"Eni to Restart Oil Field, as Waste-Trafficking Probe Continues",europe,2016-08-12 13:55:00,WSJ,NEGATIVE,0.969289243221283
Years of Fed Missteps Fueled Disillusion With the Economy and Washington,central banks,2016-08-25 15:10:00,WSJ,NEGATIVE,0.9980579018592834
Statoil Renews Push into Arctic Oil Basins,europe,2016-09-06 14:38:00,WSJ,POSITIVE,0.9970832467079164
Terror Probe Launched Over Paris Car Loaded With Gas Canisters,europe,2016-09-07 15:07:00,WSJ,NEGATIVE,0.9634789228439332
Libyan Forces Loyal to Eastern Government Attack Key Oil Ports,middle east,2016-09-11 21:25:00,WSJ,NEGATIVE,0.981685996055603
Libya’s State Oil Company to Restart Exports From Retaken Terminals,middle east,2016-09-14 00:45:00,WSJ,NEGATIVE,0.955001175403595
Statoil to Improve Chopper Safety,europe,2016-09-23 12:50:00,WSJ,NEGATIVE,0.8636370897293091
Kingdom Comedown: Falling Oil Prices Shock Saudi Middle Class,middle east,2016-09-23 09:30:00,WSJ,NEGATIVE,0.9944320321083068
RWE’s Innogy Renewables Unit Eyes $5.6 Billion Share Sale,europe,2016-09-23 08:40:00,WSJ,NEGATIVE,0.956153154373169
Turmoil Hits Spain’s Socialist Party Amid Government Stand-Off,europe,2016-09-29 17:39:00,WSJ,POSITIVE,0.9810540676116944
Hilsenrath’s Take: Fed Unlikely to Get Expanded Authorities in this Political Climate,central banks,2016-09-30 10:56:00,WSJ,NEGATIVE,0.994517147541046
Paris Climate Deal Seen Taking Force This Year as EU Speeds up Ratification,europe,2016-10-02 04:01:00,WSJ,POSITIVE,0.9889628291130066
BP Monitoring North Sea Oil Spill,europe,2016-10-03 17:57:00,WSJ,NEGATIVE,0.9514055252075196
Climate Deal Clears a Last Hurdle With Vote in EU,europe,2016-10-04 18:23:00,WSJ,POSITIVE,0.7714076638221741
Germany Hits Delay With Climate-Change Plan Ahead of U.N. Meeting,europe,2016-11-02 19:08:00,WSJ,NEGATIVE,0.9443047046661376
Russia Says Rebels Spoiling Aleppo Fighting Pause,middle east,2016-11-03 15:14:00,WSJ,NEGATIVE,0.9983153343200684
Europe May Rewire Energy Policy,europe,2016-11-30 17:03:00,WSJ,NEGATIVE,0.955438196659088
Saudis Wager on Higher Oil Prices to Drive Economic Diversification,middle east,2016-12-01 22:47:00,WSJ,NEGATIVE,0.9444186687469482
Climate Change Uncorks British Wine Production,europe,2016-12-01 19:15:00,WSJ,NEGATIVE,0.9954053163528442
Russia’s Lukoil Identifies Older Oil Fields for Output Cuts,europe,2016-12-02 13:25:00,WSJ,NEGATIVE,0.9462370276451112
EU Moves Toward Early Scrutiny of Members’ Energy Deals With Third Countries,europe,2016-12-07 18:16:00,WSJ,POSITIVE,0.7983474731445312
Oil Producers Turn to Wind Power,europe,2016-12-26 12:36:00,WSJ,NEGATIVE,0.6764970421791077
New Berlin Crime Fuels German Surveillance Debate,europe,2016-12-27 20:16:00,WSJ,POSITIVE,0.5474084615707397
Israel’s Shift to the Right Fuels Tensions With U.S.,middle east,2016-12-30 21:44:00,WSJ,NEGATIVE,0.9840206503868104
German Inflation Rises Sharply on Fuel Costs,central banks,2017-01-03 14:00:00,WSJ,NEGATIVE,0.8241074085235596
Derby’s Take: Fed-Watching Firm Says Data Dependent Boilerplate May Be Scrapped,central banks,2017-01-09 11:31:00,WSJ,NEGATIVE,0.9997819066047668
Fiat Chrysler Allegations Fuel European Emissions Scandal,europe,2017-01-13 17:40:00,WSJ,NEGATIVE,0.9904494881629944
BOE’s Saunders: U.K. Unemployment Could Fall Without Fueling Inflation,central banks,2017-01-13 15:49:00,WSJ,NEGATIVE,0.9797165989875792
"Saudi Arabia’s Non-Oil Growth Expected to Increase, IMF Says",central banks,2017-01-17 17:45:00,WSJ,POSITIVE,0.8559820055961609
"Islamic State Steps Up Oil, Gas Sales to Assad Regime",middle east,2017-01-19 20:07:00,WSJ,POSITIVE,0.9904541969299316
Libya Says Oil Sector Open Again for Business,middle east,2017-01-24 14:39:00,WSJ,POSITIVE,0.9967370629310608
Fillon’s Troubles Put His Party in Turmoil,europe,2017-02-01 19:21:00,WSJ,NEGATIVE,0.9974889755249025
Mexican Inflation Speeds Up on January Gasoline Price Increases,central banks,2017-02-09 14:49:00,WSJ,NEGATIVE,0.6924565434455872
Paris Riots Fuel French Presidential Campaign Rhetoric,europe,2017-02-13 16:22:00,WSJ,NEGATIVE,0.9378879070281982
"Eurozone Growth Disparity Could Fuel Populism, Says Top Official",central banks,2017-02-16 15:50:00,WSJ,NEGATIVE,0.9696288108825684
Mattis Says U.S. Isn’t in Iraq to Take Its Oil,middle east,2017-02-20 22:25:00,WSJ,NEGATIVE,0.9768118262290956
Statoil Says Business Resilient to Tougher Climate-Change Rules,europe,2017-03-17 14:42:00,WSJ,POSITIVE,0.5758370757102966
Glencore Sells Oil Storage Assets to China’s HNA Group,europe,2017-04-01 13:21:00,WSJ,NEGATIVE,0.9516693949699402
Images of Syrian Gas Deaths Prompt Calls for Action,middle east,2017-04-06 01:20:00,WSJ,NEGATIVE,0.9939234852790833
Death Toll in Suspected Syria Gas Attack Rises,middle east,2017-04-05 19:54:00,WSJ,NEGATIVE,0.9183441400527954
"For One Syrian Family, Gas Attack Takes Heavy Toll",middle east,2017-04-06 23:59:00,WSJ,NEGATIVE,0.9908599853515624
How a Scrappy Newspaper Is Roiling the French Election,europe,2017-04-14 09:43:00,WSJ,NEGATIVE,0.9976130723953248
Fischer: Fed Can Tighten Policy Without Roiling Overseas Markets,central banks,2017-04-19 20:10:00,WSJ,POSITIVE,0.97747141122818
Surge for Le Pen is Fueled by French Industrial Decline,europe,2017-04-20 16:57:00,WSJ,NEGATIVE,0.9960412979125975
Energy Firms’ Financing for Russian Gas Pipeline Stokes EU Fears,europe,2017-04-24 18:23:00,WSJ,NEGATIVE,0.9852146506309508
ECB Survey May Fuel Argument for Negative Rates,central banks,2017-04-25 10:42:00,WSJ,NEGATIVE,0.9957257509231568
Libya’s Oil Chief Rebukes U.N.-Backed Government,middle east,2017-04-27 18:41:00,WSJ,NEGATIVE,0.9820616841316224
British Oil and Gas Industry Could Face $646 Million Brexit Bill,europe,2017-05-03 16:49:00,WSJ,NEGATIVE,0.995611011981964
Tribunal Rejects Gazprom’s $34.5 Billion Claim in Ukraine Gas Dispute,europe,2017-05-31 17:07:00,WSJ,NEGATIVE,0.983391523361206
"Russia, Saudi Explore Expanding Oil Alliance",middle east,2017-06-01 19:13:00,WSJ,POSITIVE,0.9847780466079712
Ukraine State Energy Chief Praises Senate Measure on Russian Pipeline,europe,2017-06-19 23:07:00,WSJ,POSITIVE,0.9801321625709534
Saudi Security Forces Foil Terrorist Attack in Mecca,middle east,2017-06-23 21:42:00,WSJ,POSITIVE,0.9643398523330688
"Ships Exporting Iranian Oil Go Dark, Raising Sanctions Red Flags",middle east,2017-07-06 23:46:00,WSJ,NEGATIVE,0.9989258646965028
Shell Sells Irish Gas Field Stake for $1.2 Billion to Canada Pension Fund,europe,2017-07-12 10:49:00,WSJ,NEGATIVE,0.9724467992782592
Transcript: Reporters’ Q&A With San Francisco Fed’s John Williams in Las Vegas,central banks,2017-08-03 18:44:00,WSJ,POSITIVE,0.6607310175895691
Transcript: Economic Club of Las Vegas Q&A With San Francisco Fed’s Williams,central banks,2017-08-03 17:33:00,WSJ,POSITIVE,0.9230509996414183
EU Sanctions Russians Connected to Transfer of Gas Turbines to Crimea,europe,2017-08-04 16:01:00,WSJ,NEGATIVE,0.988287627696991
U.K. Industrial Production Rises on Steady North Sea Oil Output,central banks,2017-08-10 12:33:00,WSJ,POSITIVE,0.9989266991615297
U.N. Report Blames Syrian Regime for April Gas Attack,middle east,2017-09-06 16:38:00,WSJ,NEGATIVE,0.9927969574928284
"Iraq, Turkey Threaten Kurdistan’s Oil Boom After Controversial Independence Vote",middle east,2017-09-25 20:47:00,WSJ,NEGATIVE,0.992313802242279
U.S.-Backed Forces Seize Syrian Gas Plant From Islamic State,middle east,2017-09-25 18:57:00,WSJ,NEGATIVE,0.9522162675857544
EU Proposes Rules for Offshore Gas Links as Russian-Owned Nord Stream 2 Nears,europe,2017-11-08 19:56:00,WSJ,NEGATIVE,0.9643049240112304
Total Expands Natural Gas Business with $2 Billion Deal,europe,2017-11-08 19:51:00,WSJ,POSITIVE,0.9992697834968568
EU Officials Boost Efforts to Meet Paris Climate-Change Commitments,europe,2017-11-09 18:40:00,WSJ,POSITIVE,0.9980394244194032
Bahrain Says Militants Guided by Iran Hit Oil Pipeline,middle east,2017-11-11 19:41:00,WSJ,NEGATIVE,0.9936782717704772
U.S. Criticizes Germany’s Support of New Russian Natural-Gas Line,europe,2017-12-12 23:44:00,WSJ,NEGATIVE,0.9975448250770568
Investors Pledge Cuts to Fossil-Fuel Commitments at Paris Meeting,europe,2017-12-12 22:20:00,WSJ,NEGATIVE,0.7358036637306213
"U.S., Japan Express Concern Over China’s Interest in Saudi Oil Giant",middle east,2017-12-13 23:03:00,WSJ,POSITIVE,0.5435963273048401
Greece’s Olive Oil Industry Offers a Lesson on Economic Hurdles,europe,2017-12-18 10:30:00,WSJ,POSITIVE,0.9974914789199828
"After Years of Turmoil, Greece Is Close to Exiting Its Bailout",europe,2018-01-16 10:30:00,WSJ,NEGATIVE,0.9392620921134948
U.S. Border Plan in Syria Fuels Tensions With Turkey,middle east,2018-01-18 00:45:00,WSJ,NEGATIVE,0.9911647439002992
Market Turmoil Greets New Federal Reserve Chairman,central banks,2018-02-06 00:29:00,WSJ,POSITIVE,0.9968473315238952
"After Market Turmoil, Fed Officials Stand Firm on Rate Path",central banks,2018-02-07 22:00:00,WSJ,POSITIVE,0.9888639450073242
Russia to Scrap Accords to Send Gas to Ukraine,europe,2018-03-03 22:20:00,WSJ,NEGATIVE,0.9932687878608704
Saudi Crown Prince Turns From Turmoil at Home to Diplomacy Abroad,middle east,2018-03-04 19:54:00,WSJ,POSITIVE,0.9363442659378052
Antimigrant Sentiment Fuels Rise of Italy’s League,europe,2018-03-07 10:30:00,WSJ,POSITIVE,0.9941275119781494
Yemen Rebels Strike Saudi Oil Tanker,middle east,2018-04-03 20:54:00,WSJ,NEGATIVE,0.9941242337226868
After the Gas and Bombs: The Health Crisis That’s Killing Syria,middle east,2018-04-17 17:07:00,WSJ,NEGATIVE,0.9897145628929138
"OPEC, Russia Back Continued Oil Cuts, Drawing Trump Ire",middle east,2018-04-20 22:58:00,WSJ,NEGATIVE,0.9907394647598268
Yemen’s Rebels Step Up Attacks on Aramco Oil Facilities,middle east,2018-04-25 11:47:00,WSJ,NEGATIVE,0.928348183631897
Trump’s Iran Sanctions to Shake Up Oil Supply Lines,middle east,2018-05-09 19:34:00,WSJ,NEGATIVE,0.8956034779548645
U.S. Embassy in Jerusalem Opens to a Fraught Climate,middle east,2018-05-13 19:15:00,WSJ,NEGATIVE,0.8881317973136902
Mideast Turmoil Complicates Arab Support for Trump Peace Plan,middle east,2018-05-17 22:27:00,WSJ,NEGATIVE,0.9979612827301024
Italy in Turmoil as New Government Fails to Form,europe,2018-05-27 20:50:00,WSJ,NEGATIVE,0.9993942975997924
Anti-Europe Party Leader Rises in Italy’s Turmoil,europe,2018-05-29 22:17:00,WSJ,POSITIVE,0.9813767075538636
Buyers of Iran’s Oil Balk at U.S. Push to Isolate Country,middle east,2018-06-10 05:23:00,WSJ,NEGATIVE,0.9739720821380616
Libya’s Peace Efforts Threatened in Fight Over Its Oil,middle east,2018-06-26 16:34:00,WSJ,NEGATIVE,0.9976073503494264
New Unrest Roils Iran as U.S. Ramps Up Pressure,middle east,2018-07-01 20:29:00,WSJ,NEGATIVE,0.93888658285141
U.A.E. Backed Militia Bid to Control Libyan Oil Exports,middle east,2018-07-13 09:30:00,WSJ,NEGATIVE,0.9893280863761902
Oil-Rich Iraq Can’t Keep Lights On,middle east,2018-07-21 12:00:00,WSJ,NEGATIVE,0.9996273517608644
Saudi Arabia Halts Red Sea Oil Shipments After Houthi Attacks,middle east,2018-07-25 23:48:00,WSJ,NEGATIVE,0.9989097118377686
Iran Tries to Save $1 Billion Deal With Giant Oil Trader,middle east,2018-08-31 16:02:00,WSJ,NEGATIVE,0.9965316653251648
U.S. Says Syria Plans Gas Attack in Rebel Stronghold,middle east,2018-09-09 23:35:00,WSJ,NEGATIVE,0.9944826364517212
Gunmen Storm Libya’s State Oil Company as Supply Risks Grow,middle east,2018-09-10 21:52:00,WSJ,NEGATIVE,0.9923965334892272
Islamic State’s Deadly Return in Libya Imperils Oil Output,middle east,2018-09-18 12:00:00,WSJ,NEGATIVE,0.9825605750083924
"Europe Hopes Oil Demand From China, India and Turkey Will Keep Iran in Nuclear Deal",middle east,2018-09-24 15:47:00,WSJ,NEGATIVE,0.915855884552002
Iran Struggles With Unrest in Pivotal Oil Hub,middle east,2018-09-28 12:00:00,WSJ,NEGATIVE,0.9386295080184937
U.S.-Saudi Tensions Put Oil-Price Discounts Into Play,middle east,2018-10-15 20:21:00,WSJ,NEGATIVE,0.9884184002876282
"Climate Change Holds Risks for Beer Makers, Too",science,2018-10-15 19:16:00,WSJ,NEGATIVE,0.9929793477058412
"Norway Proposes Norges Bank Retain Oil Fund Management, but With New Structure",central banks,2018-10-19 19:42:00,WSJ,POSITIVE,0.9285879135131836
Jamal Khashoggi’s Death Fuels a Middle East Information War,middle east,2018-10-20 19:26:00,WSJ,NEGATIVE,0.9907160997390748
"Merkel Changes Course, Concedes to U.S. Gas Imports",europe,2018-10-22 12:00:00,WSJ,NEGATIVE,0.725049614906311
Case of Disappearing Stalin Statue Roils a Russian City,europe,2018-10-22 09:30:00,WSJ,POSITIVE,0.9517038464546204
China Cuts Iran Oil Purchases Ahead of U.S. Sanctions,middle east,2018-10-25 20:52:00,WSJ,NEGATIVE,0.9714010953903198
Oil Industry Sticks With Saudi Arabia Through Khashoggi Scandal,middle east,2018-10-25 16:00:00,WSJ,NEGATIVE,0.9872543215751648
Denmark Says It Foiled Iranian Plot,europe,2018-10-30 19:25:00,WSJ,NEGATIVE,0.9968786239624025
U.S. Ends Saudi Jet Refueling Missions in Yemen Conflict,middle east,2018-11-10 09:10:00,WSJ,NEGATIVE,0.9610996246337892
Netanyahu’s Coalition in Turmoil as He Rejects Partner’s Demand,middle east,2018-11-18 19:35:00,WSJ,NEGATIVE,0.99354088306427
U.S. Pushes Iraq to Wean Itself Off Iranian Energy,middle east,2018-11-23 10:30:00,WSJ,NEGATIVE,0.9952334761619568
Macron Recommits to Fuel Tax Amid Rising Protests,europe,2018-11-27 21:07:00,WSJ,NEGATIVE,0.9779496788978576
Turks Fleeing Erdogan Fuel New Influx of Refugees to Greece,europe,2018-12-01 14:00:00,WSJ,POSITIVE,0.8497834801673889
Macron Blinks in Fuel-Tax Dispute With Yellow Vests,europe,2018-12-04 20:52:00,WSJ,NEGATIVE,0.9800174236297609
"Mexican Inflation Rises More Than Expected on Food, Electricity Costs",central banks,2018-12-07 15:12:00,WSJ,POSITIVE,0.7424332499504089
"Around the World, Climate Goals Clash With Reality",europe,2018-12-12 20:39:00,WSJ,NEGATIVE,0.98607337474823
"Israel, Greece and Cyprus Back EastMed Gas Pipeline",europe,2018-12-20 18:25:00,WSJ,NEGATIVE,0.9885668754577636
Saudis Not Rushing to Respond to Venezuela Oil Ban,middle east,2019-01-29 20:37:00,WSJ,NEGATIVE,0.8818525075912476
Libyan Commander Seizes Shuttered Oil Field,middle east,2019-02-06 20:05:00,WSJ,NEGATIVE,0.9836214780807496
U.S.’s Syria Ally Supplies Oil to Assad’s Brokers,middle east,2019-02-08 20:02:00,WSJ,NEGATIVE,0.7817500233650208
Fighting Near Libya’s Biggest Oil Field Keeps Production Shut Down,middle east,2019-02-08 18:24:00,WSJ,NEGATIVE,0.9994248151779176
"Despite Pressure From Trump, OPEC Stands Firm on Oil Curbs",middle east,2019-02-27 11:55:00,WSJ,POSITIVE,0.940601408481598
How a Russian Gas Pipeline Is Driving a Wedge Between the U.S. and Its Allies,europe,2019-03-10 21:55:00,WSJ,NEGATIVE,0.9657570123672484
U.S. Sanctions Hit Iran’s Oil Lifeline to Syria,middle east,2019-03-22 15:12:00,WSJ,NEGATIVE,0.996787428855896
Libyan Crisis Presents New Worry for White House—and Oil Markets,middle east,2019-04-05 22:35:00,WSJ,NEGATIVE,0.9853246808052064
Syrian Fuel Shortage Squeezes Assad’s Loyalists,middle east,2019-04-23 11:00:00,WSJ,NEGATIVE,0.996192455291748
"Stung by Trump’s Criticisms of Russian Gas Deal, Germany Makes Its Own Threats",europe,2019-04-29 23:01:00,WSJ,NEGATIVE,0.996636152267456
Steady Flow of Refugees Fuels Nationalist Gains in Europe,europe,2019-04-30 12:59:00,WSJ,POSITIVE,0.9990363121032716
"After Oil, U.S. Weighs Sanctions on Iran’s Other Dollar Sources",middle east,2019-05-02 22:40:00,WSJ,NEGATIVE,0.9693655371665956
"U.S. Boosts Natural-Gas Exports to EU, Aiming to Dent Russian Sales",europe,2019-05-02 20:32:00,WSJ,NEGATIVE,0.9693636894226074
Iran Oil Sanctions Set Stage for U.S.-Saudi Showdown,middle east,2019-05-02 16:20:00,WSJ,NEGATIVE,0.8856481909751892
Israel Blames Islamic Jihad for Spoiling Gaza Truce Talks,middle east,2019-05-06 18:05:00,WSJ,NEGATIVE,0.9989321827888488
Siemens to Spin Off Power and Gas Business,europe,2019-05-07 20:03:00,WSJ,NEGATIVE,0.8558016419410706
"Attacks to Raise Security, Insurance Costs for Persian Gulf Oil Shipments",middle east,2019-05-15 00:11:00,WSJ,NEGATIVE,0.9911760091781616
Saudi Arabia Oil Pipeline Damaged in Drone Attack by Houthi Rebels,middle east,2019-05-14 14:54:00,WSJ,NEGATIVE,0.9985438585281372
U.S. Lets Some Countries Continue Limited Iran Oil Imports,middle east,2019-05-30 23:22:00,WSJ,NEGATIVE,0.9786204099655152
"Trump’s Arrival in London Brings Controversy, a Familiar Pattern on Foreign Soil",europe,2019-06-04 02:40:00,WSJ,POSITIVE,0.9873799085617064
U.S. Wants Allies to Help Keep Oil Lanes Open,middle east,2019-06-18 22:58:00,WSJ,NEGATIVE,0.9851990342140198
Powell May Face More Questions on Fed’s Approach to Climate Change,central banks,2019-07-09 21:59:00,WSJ,NEGATIVE,0.9938586354255676
Iran Seizes British-Flagged Oil Tanker,middle east,2019-07-20 00:24:00,WSJ,NEGATIVE,0.9727060198783876
U.S. Imposes New Sanctions on Chinese Company for Transporting Iranian Crude Oil,middle east,2019-07-22 21:13:00,WSJ,NEGATIVE,0.9886848330497742
Iran Seizes Vessel in Persian Gulf Accused of Smuggling Fuel,middle east,2019-08-05 06:26:00,WSJ,NEGATIVE,0.9211017489433287
Israel Says It Foiled Large Attack on Gaza Border,middle east,2019-08-10 18:01:00,WSJ,NEGATIVE,0.9853283762931824
U.S. Warns Greece Against Assisting Iran Oil Tanker,middle east,2019-08-20 17:28:00,WSJ,NEGATIVE,0.9846732020378112
Low Oil Prices Slam Saudi Economy,middle east,2019-09-03 09:30:00,WSJ,NEGATIVE,0.9963160157203674
"U.K. Lawmakers Vote to Delay Brexit and Bar Snap Election, Foiling Johnson",europe,2019-09-04 21:34:00,WSJ,NEGATIVE,0.985180139541626
Saudi Crown Prince Cements Authority With Energy Ministry Pick,middle east,2019-09-08 19:48:00,WSJ,POSITIVE,0.985238790512085
New Saudi Oil Minister Vows to Maintain Crude Output Cuts,middle east,2019-09-09 17:33:00,WSJ,NEGATIVE,0.9889103174209596
U.S. Blames Iran for Attack on Saudi Oil Facilities,middle east,2019-09-15 00:26:00,WSJ,NEGATIVE,0.9959850311279296
Suspicions Rise That Saudi Oil Attack Came From Outside Yemen,middle east,2019-09-15 00:10:00,WSJ,NEGATIVE,0.9914463758468628
Iran Rejects U.S. Accusations Over Saudi Oil Attacks,middle east,2019-09-15 23:18:00,WSJ,POSITIVE,0.9833661913871764
"Blasts, Blazes Shake Saudi Oil Town’s Inhabitants",middle east,2019-09-15 23:04:00,WSJ,POSITIVE,0.9953027963638306
Saudi Arabia Set to Return to Normal Oil Production Levels by End of Month,middle east,2019-09-18 00:02:00,WSJ,NEGATIVE,0.5138132572174072
"U.S., Saudi Military Forces Failed to Detect Attack on Oil Facilities",middle east,2019-09-17 23:09:00,WSJ,NEGATIVE,0.9994162321090698
U.S. Tells Saudi Arabia Oil Attacks Were Launched From Iran,middle east,2019-09-17 21:41:00,WSJ,NEGATIVE,0.9810871481895448
Saudi Arabia Implicates Iran in Oil Attacks,middle east,2019-09-18 21:13:00,WSJ,NEGATIVE,0.9873942136764526
"To Keep Exports Flowing, Saudi Arabia Looks to Import Oil",middle east,2019-09-19 21:56:00,WSJ,NEGATIVE,0.9409236311912536
What We Know About the Saudi Oil Attacks,middle east,2019-09-20 21:55:00,WSJ,NEGATIVE,0.9681807160377502
Saudi Arabia Shows Depth of Damage to Its Oil Facilities,middle east,2019-09-20 19:53:00,WSJ,NEGATIVE,0.999542474746704
U.S. Sanctions Chinese Firms for Allegedly Shipping Iranian Oil,middle east,2019-09-25 21:25:00,WSJ,NEGATIVE,0.994797706604004
Attacks on Oil Facilities Threaten Fragile Saudi Economy,middle east,2019-09-25 16:36:00,WSJ,NEGATIVE,0.9938473105430604
U.S. Sanctions Russian Firm For Alleged Fuel Sales To Syria,middle east,2019-09-26 20:00:00,WSJ,NEGATIVE,0.9957213401794434
China Pulls Out of Giant Iranian Gas Project,middle east,2019-10-06 16:33:00,WSJ,NEGATIVE,0.9655311703681946
Johnson Prepares to Put Brexit Deal to Vote After Foiled First Try,europe,2019-10-20 23:17:00,WSJ,NEGATIVE,0.9638035893440248
Defense Chief Affirms U.S. Troop Shift to Syrian Oil Fields,middle east,2019-10-25 15:53:00,WSJ,POSITIVE,0.9809619784355164
Iran Calls Red Sea Oil-Shipping Routes Unsafe,middle east,2019-11-06 21:15:00,WSJ,NEGATIVE,0.9996069073677064
Protests Flare Across Iran After 50% Fuel-Price Increase,middle east,2019-11-16 05:01:00,WSJ,NEGATIVE,0.5993037223815918
Iran’s Supreme Leader Seeks to Calm Deadly Anger Over Fuel Price Rises,middle east,2019-11-17 20:56:00,WSJ,NEGATIVE,0.9874481558799744
Oil Firms Tighten Security After U.S. Kills Iranian General,middle east,2020-01-03 20:03:00,WSJ,NEGATIVE,0.9732699394226074
Iraq Oil Industry’s Progress Is Threatened by Tensions,middle east,2020-01-07 23:31:00,WSJ,NEGATIVE,0.9991637468338012
A Clearer Climate-Change Picture Emerges,science,2020-01-20 14:27:00,WSJ,POSITIVE,0.9979324340820312
Fired Saudi Oil Chief Falih Returns as Investment Minister,middle east,2020-02-25 17:14:00,WSJ,NEGATIVE,0.9861241579055786
"Saudi Arabia, Hit With Oil Collapse and Pandemic, Tosses Lifelines",middle east,2020-05-05 09:30:00,WSJ,NEGATIVE,0.992328941822052
Iran Leverages Oil to Court Other U.S. Rivals During Pandemic,middle east,2020-05-12 03:46:00,WSJ,POSITIVE,0.9725698828697203
Jobless Migrants Returning Home From Oil-Rich Countries,middle east,2020-05-23 16:49:00,WSJ,NEGATIVE,0.9916571378707886
Russian Fighters Help Tighten Rebel Control of Libya’s Largest Oil Field,middle east,2020-06-26 19:07:00,WSJ,NEGATIVE,0.7770660519599915
Russian Oil Grab in Libya Fuels U.S.-Kremlin Tensions,middle east,2020-07-26 14:00:00,WSJ,NEGATIVE,0.993872880935669
Environmental Groups Urge Fed to End Energy Bond Buying,central banks,2020-07-30 15:00:00,WSJ,NEGATIVE,0.8959038257598877
Israel Strikes Syrian Military Sites After It Reported Foiling Border Attack,middle east,2020-08-03 22:05:00,WSJ,NEGATIVE,0.9948866963386536
"With Belarus in Turmoil, Russia Sees Chance to Expand Its Influence",europe,2020-08-10 19:23:00,WSJ,POSITIVE,0.9988285899162292
"With U.S. Backing, Iraq Pushes for Energy Rapprochement With Saudis",middle east,2020-08-24 00:44:00,WSJ,NEGATIVE,0.915097951889038
"Senate Democrats Say Fed Should Do More on Climate Change, but See Progress",central banks,2020-08-25 20:09:00,WSJ,POSITIVE,0.9820241928100586
"As Covid-19 Fatigue Fuels Infections in Europe, Italy Resists Second Wave",europe,2020-09-22 11:00:00,WSJ,NEGATIVE,0.971894145011902
Decaying Yemen Oil Tanker at Risk of Spilling Into Red Sea,middle east,2020-10-02 15:48:00,WSJ,NEGATIVE,0.9990193843841552
Central Bank Leaders Embrace Climate Concerns as Key Policy Objective,central banks,2020-11-12 23:52:00,WSJ,POSITIVE,0.989072322845459
Video of Police Beating Black Man Roils France,europe,2020-11-27 20:24:00,WSJ,NEGATIVE,0.9479146003723145
Denmark to End Oil Exploration in Shift Away From Fossil Fuels,europe,2020-12-04 16:22:00,WSJ,POSITIVE,0.9397816061973572
"U.S., EU to Impose Sanctions on Turkey Over Missile System, Energy",europe,2020-12-11 03:58:00,WSJ,NEGATIVE,0.9318000078201294
Oil Tanker Attacked at Saudi Port Amid Iran Tensions,middle east,2020-12-14 22:08:00,WSJ,NEGATIVE,0.9895925521850586
Fed Says It Now Has Formal Membership in Global Climate Finance Group,central banks,2020-12-15 20:51:00,WSJ,POSITIVE,0.9598273634910583
